<?xml version="1.0" encoding="UTF-8" ?>

<!DOCTYPE sqlMapConfig
    PUBLIC "-//ibatis.apache.org//DTD SQL Map Config 2.0//EN"
    "http://ibatis.apache.org/dtd/sql-map-config-2.dtd">

<sqlMapConfig>
	<settings
		cacheModelsEnabled="true"
		enhancementEnabled="true"
		lazyLoadingEnabled="true"
		maxRequests="32"
		maxSessions="10"
		maxTransactions="5"
		useStatementNamespaces="true"
	/>
     <transactionManager type="JDBC">     
		<dataSource type="DBCP">
			<property name="JDBC.Driver" value="com.mysql.jdbc.Driver"/>
			 	
			<property name="JDBC.ConnectionURL" value="jdbc:mysql://localhost:3306/museum?useUnicode=true&amp;characterEncoding=utf8&amp;serverTimezone=Asia/Seoul"/>			
			<property name="JDBC.Username" value="root"/>
			<property name="JDBC.Password" value="root1234"/>
			 
			<!--
			<property name="JDBC.ConnectionURL" value="jdbc:mysql://:3306/bigbang?useUnicode=true&amp;characterEncoding=utf8"/>			
			<property name="JDBC.Username" value=""/>
			<property name="JDBC.Password" value=""/>
			-->
			<property name="Pool.MaximumActiveConnections" value="10"/>
			<property name="Pool.MaximumIdleConnections" value="5"/>
			<property name="Pool.MaximumCheckoutTime" value="120000"/>
			<property name="Pool.TimeToWait" value="10000"/>			
		</dataSource>
    </transactionManager>
    
	<sqlMap resource="test/test.xml"/>	
	<sqlMap resource="manage/admin/admin.xml"/>	
	<sqlMap resource="manage/review/review.xml"/>
	<sqlMap resource="board/notice/notice.xml"/>
	<sqlMap resource="manage/program/program.xml"/>
	<sqlMap resource="manage/reservation/reservation.xml"/>
	<sqlMap resource="board/qna/qna.xml"/>
	<sqlMap resource="board/faq/faq.xml"/>
	<sqlMap resource="manage/exhibition/exhibition.xml"/>
	<sqlMap resource="manage/ticket/ticket.xml"/>
	<sqlMap resource="manage/member/member.xml"/>
	<sqlMap resource="manage/rental/rental.xml"/>
	<sqlMap resource="user/member/umember.xml"/>		
</sqlMapConfig>